opendatetime,opendate,opentime,closedatetime,closedate,closetime,diff,remarks
2022-07-01 12:55:56,2022-07-01 00:00:00,12:55:56,2022-07-01 15:51:40,2022-07-01,15:51:40,2:55:44,10544
2022-07-01 16:37:47,2022-07-01 00:00:00,16:37:47,2022-07-01 20:33:20,2022-07-01,20:33:20,3:55:33,14133
2022-07-01 22:55:17,2022-07-01 00:00:00,22:55:17,2022-07-02 03:03:47,2022-07-02,03:03:47,4:08:30,14910
2022-07-02 05:18:54,2022-07-02 00:00:00,05:18:54,2022-07-02 09:47:11,2022-07-02,09:47:11,4:28:17,16097
2022-07-02 12:23:14,2022-07-02 00:00:00,12:23:14,2022-07-02 17:14:29,2022-07-02,17:14:29,4:51:15,17475
2022-07-02 22:36:07,2022-07-02 00:00:00,22:36:07,2022-07-03 04:20:48,2022-07-03,04:20:48,5:44:41,20681
2022-07-03 06:09:56,2022-07-03 00:00:00,06:09:56,2022-07-03 09:14:55,2022-07-03,09:14:55,3:04:59,11099
2022-07-03 13:43:16,2022-07-03 00:00:00,13:43:16,2022-07-03 18:09:41,2022-07-03,18:09:41,4:26:25,15985
2022-07-03 23:57:47,2022-07-03 00:00:00,23:57:47,2022-07-04 01:02:38,2022-07-04,01:02:38,1:04:51,3891
2022-07-04 05:54:44,2022-07-04 00:00:00,05:54:44,2022-07-04 07:15:19,2022-07-04,07:15:19,1:20:35,4835
2022-07-04 08:46:14,2022-07-04 00:00:00,08:46:14,2022-07-04 11:13:29,2022-07-04,11:13:29,2:27:15,8835
2022-07-04 15:59:55,2022-07-04 00:00:00,15:59:55,2022-07-04 16:37:01,2022-07-04,16:37:01,0:37:06,2226
2022-07-04 17:18:21,2022-07-04 00:00:00,17:18:21,2022-07-04 22:54:55,2022-07-04,22:54:55,5:36:34,20194
2022-07-04 23:50:49,2022-07-04 00:00:00,23:50:49,2022-07-05 05:09:45,2022-07-05,05:09:45,5:18:56,19136
2022-07-05 09:58:22,2022-07-05 00:00:00,09:58:22,2022-07-05 11:17:18,2022-07-05,11:17:18,1:18:56,4736
2022-07-05 16:31:52,2022-07-05 00:00:00,16:31:52,2022-07-05 21:49:23,2022-07-05,21:49:23,5:17:31,19051
2022-07-06 23:59:32,2022-07-06 00:00:00,23:59:32,2022-07-07 04:44:12,2022-07-07,04:44:12,4:44:40,17080
2022-07-06 16:35:50,2022-07-06 00:00:00,16:35:50,2022-07-06 19:43:39,2022-07-06,19:43:39,3:07:49,11269
2022-07-06 10:56:53,2022-07-06 00:00:00,10:56:53,2022-07-06 12:34:18,2022-07-06,12:34:18,1:37:25,5845
2022-07-06 06:45:48,2022-07-06 00:00:00,06:45:48,2022-07-06 08:00:55,2022-07-06,08:00:55,1:15:07,4507
2022-07-06 01:29:35,2022-07-06 00:00:00,01:29:35,2022-07-06 02:05:53,2022-07-06,02:05:53,0:36:18,2178
2022-07-06 08:31:25,2022-07-06 00:00:00,08:31:25,2022-07-06 09:18:14,2022-07-06,09:18:14,0:46:49,2809
2022-07-07 07:01:52,2022-07-07 00:00:00,07:01:52,2022-07-07 10:00:29,2022-07-07,10:00:29,2:58:37,10717
2022-07-07 11:07:55,2022-07-07 00:00:00,11:07:55,2022-07-07 15:13:16,2022-07-07,15:13:16,4:05:21,14721
2022-07-07 19:30:00,2022-07-07 00:00:00,19:30:00,2022-07-08 00:21:12,2022-07-08,00:21:12,4:51:12,17472
2022-07-08 04:37:46,2022-07-08 00:00:00,04:37:46,2022-07-08 05:16:35,2022-07-08,05:16:35,0:38:49,2329
2022-07-08 06:47:53,2022-07-08 00:00:00,06:47:53,2022-07-08 11:06:47,2022-07-08,11:06:47,4:18:54,15534
2022-07-08 14:45:16,2022-07-08 00:00:00,14:45:16,2022-07-08 17:45:29,2022-07-08,17:45:29,3:00:13,10813
2022-07-08 20:55:27,2022-07-08 00:00:00,20:55:27,2022-07-08 21:25:57,2022-07-08,21:25:57,0:30:30,1830
2022-07-08 23:56:21,2022-07-08 00:00:00,23:56:21,2022-07-09 02:07:07,2022-07-09,02:07:07,2:10:46,7846
2022-07-09 07:05:48,2022-07-09 00:00:00,07:05:48,2022-07-09 12:13:48,2022-07-09,12:13:48,5:08:00,18480
2022-07-09 15:25:44,2022-07-09 00:00:00,15:25:44,2022-07-09 21:22:57,2022-07-09,21:22:57,5:57:13,21433
2022-07-10 02:17:23,2022-07-10 00:00:00,02:17:23,2022-07-10 03:17:59,2022-07-10,03:17:59,1:00:36,3636
2022-07-10 04:35:59,2022-07-10 00:00:00,04:35:59,2022-07-10 06:52:41,2022-07-10,06:52:41,2:16:42,8202
2022-07-10 19:45:53,2022-07-10 00:00:00,19:45:53,2022-07-10 23:44:32,2022-07-10,23:44:32,3:58:39,14319
2022-07-10 12:15:52,2022-07-10 00:00:00,12:15:52,2022-07-10 16:13:07,2022-07-10,16:13:07,3:57:15,14235
2022-07-11 01:19:42,2022-07-11 00:00:00,01:19:42,2022-07-11 05:51:06,2022-07-11,05:51:06,4:31:24,16284
2022-07-11 10:16:09,2022-07-11 00:00:00,10:16:09,2022-07-11 14:05:33,2022-07-11,14:05:33,3:49:24,13764
2022-07-11 18:14:03,2022-07-11 00:00:00,18:14:03,2022-07-11 22:19:37,2022-07-11,22:19:37,4:05:34,14734
2022-07-12 06:27:32,2022-07-12 00:00:00,06:27:32,2022-07-12 10:22:28,2022-07-12,10:22:28,3:54:56,14096
2022-07-12 01:12:23,2022-07-12 00:00:00,01:12:23,2022-07-12 05:44:22,2022-07-12,05:44:22,4:31:59,16319
2022-07-12 14:52:17,2022-07-12 00:00:00,14:52:17,2022-07-12 19:06:41,2022-07-12,19:06:41,4:14:24,15264
2022-07-12 23:39:22,2022-07-12 00:00:00,23:39:22,2022-07-13 03:55:33,2022-07-13,03:55:33,4:16:11,15371
2022-07-13 09:12:14,2022-07-13 00:00:00,09:12:14,2022-07-13 12:51:53,2022-07-13,12:51:53,3:39:39,13179
2022-07-13 17:26:56,2022-07-13 00:00:00,17:26:56,2022-07-13 20:00:21,2022-07-13,20:00:21,2:33:25,9205
2022-07-14 20:47:36,2022-07-14 00:00:00,20:47:36,2022-07-15 02:46:11,2022-07-15,02:46:11,5:58:35,21515
2022-07-14 11:21:14,2022-07-14 00:00:00,11:21:14,2022-07-14 17:12:28,2022-07-14,17:12:28,5:51:14,21074
2022-07-14 06:33:28,2022-07-14 00:00:00,06:33:28,2022-07-14 08:16:59,2022-07-14,08:16:59,1:43:31,6211
2022-07-14 01:26:55,2022-07-14 00:00:00,01:26:55,2022-07-14 02:56:23,2022-07-14,02:56:23,1:29:28,5368
2022-07-15 06:37:01,2022-07-15 00:00:00,06:37:01,2022-07-15 11:57:01,2022-07-15,11:57:01,5:20:00,19200
2022-07-15 15:22:39,2022-07-15 00:00:00,15:22:39,2022-07-15 19:32:39,2022-07-15,19:32:39,4:10:00,15000
2022-07-16 00:02:20,2022-07-16 00:00:00,00:02:20,2022-07-16 04:10:48,2022-07-16,04:10:48,4:08:28,14908
2022-07-16 06:56:20,2022-07-16 00:00:00,06:56:20,2022-07-16 10:30:28,2022-07-16,10:30:28,3:34:08,12848
2022-07-16 11:30:43,2022-07-16 00:00:00,11:30:43,2022-07-16 14:23:06,2022-07-16,14:23:06,2:52:23,10343
2022-07-16 19:42:40,2022-07-16 00:00:00,19:42:40,2022-07-16 20:55:21,2022-07-16,20:55:21,1:12:41,4361
2022-07-17 00:17:12,2022-07-17 00:00:00,00:17:12,2022-07-17 06:11:58,2022-07-17,06:11:58,5:54:46,21286
2022-07-17 11:51:29,2022-07-17 00:00:00,11:51:29,2022-07-17 12:43:56,2022-07-17,12:43:56,0:52:27,3147
2022-07-17 16:20:55,2022-07-17 00:00:00,16:20:55,2022-07-17 20:22:27,2022-07-17,20:22:27,4:01:32,14492
2022-07-17 21:53:12,2022-07-17 00:00:00,21:53:12,2022-07-17 22:44:49,2022-07-17,22:44:49,0:51:37,3097
2022-07-18 02:54:06,2022-07-18 00:00:00,02:54:06,2022-07-18 07:37:23,2022-07-18,07:37:23,4:43:17,16997
2022-07-18 09:14:54,2022-07-18 00:00:00,09:14:54,2022-07-18 11:56:02,2022-07-18,11:56:02,2:41:08,9668
2022-07-18 15:48:22,2022-07-18 00:00:00,15:48:22,2022-07-18 17:05:48,2022-07-18,17:05:48,1:17:26,4646
2022-07-18 21:40:24,2022-07-18 00:00:00,21:40:24,2022-07-19 00:03:30,2022-07-19,00:03:30,2:23:06,8586
2022-07-19 02:07:49,2022-07-19 00:00:00,02:07:49,2022-07-19 07:59:12,2022-07-19,07:59:12,5:51:23,21083
2022-07-19 11:42:14,2022-07-19 00:00:00,11:42:14,2022-07-19 13:15:07,2022-07-19,13:15:07,1:32:53,5573
2022-07-19 16:25:16,2022-07-19 00:00:00,16:25:16,2022-07-19 18:21:04,2022-07-19,18:21:04,1:55:48,6948
2022-07-19 20:01:23,2022-07-19 00:00:00,20:01:23,2022-07-19 21:15:11,2022-07-19,21:15:11,1:13:48,4428
2022-07-20 20:50:17,2022-07-20 00:00:00,20:50:17,2022-07-20 22:12:31,2022-07-20,22:12:31,1:22:14,4934
2022-07-20 13:53:43,2022-07-20 00:00:00,13:53:43,2022-07-20 19:52:29,2022-07-20,19:52:29,5:58:46,21526
2022-07-20 02:33:30,2022-07-20 00:00:00,02:33:30,2022-07-20 06:46:19,2022-07-20,06:46:19,4:12:49,15169
2022-07-20 07:41:40,2022-07-20 00:00:00,07:41:40,2022-07-20 11:15:51,2022-07-20,11:15:51,3:34:11,12851
2022-07-21 01:36:27,2022-07-21 00:00:00,01:36:27,2022-07-21 07:35:02,2022-07-21,07:35:02,5:58:35,21515
2022-07-21 09:51:07,2022-07-21 00:00:00,09:51:07,2022-07-21 11:46:47,2022-07-21,11:46:47,1:55:40,6940
2022-07-21 13:53:43,2022-07-21 00:00:00,13:53:43,2022-07-21 16:33:20,2022-07-21,16:33:20,2:39:37,9577
2022-07-21 20:14:51,2022-07-21 00:00:00,20:14:51,2022-07-21 20:46:20,2022-07-21,20:46:20,0:31:29,1889
2022-07-21 21:30:47,2022-07-21 00:00:00,21:30:47,2022-07-22 01:58:30,2022-07-22,01:58:30,4:27:43,16063
2022-07-22 09:52:38,2022-07-22 00:00:00,09:52:38,2022-07-22 14:48:31,2022-07-22,14:48:31,4:55:53,17753
2022-07-22 02:30:32,2022-07-22 00:00:00,02:30:32,2022-07-22 07:41:02,2022-07-22,07:41:02,5:10:30,18630
2022-07-22 19:34:25,2022-07-22 00:00:00,19:34:25,2022-07-22 21:43:20,2022-07-22,21:43:20,2:08:55,7735
2022-07-23 13:54:23,2022-07-23 00:00:00,13:54:23,2022-07-23 19:33:45,2022-07-23,19:33:45,5:39:22,20362
2022-07-23 00:22:09,2022-07-23 00:00:00,00:22:09,2022-07-23 05:38:50,2022-07-23,05:38:50,5:16:41,19001
2022-07-23 21:25:21,2022-07-23 00:00:00,21:25:21,2022-07-23 23:14:31,2022-07-23,23:14:31,1:49:10,6550
2022-07-23 08:07:36,2022-07-23 00:00:00,08:07:36,2022-07-23 13:12:35,2022-07-23,13:12:35,5:04:59,18299
2022-07-24 00:30:49,2022-07-24 00:00:00,00:30:49,2022-07-24 03:13:43,2022-07-24,03:13:43,2:42:54,9774
2022-07-24 08:37:22,2022-07-24 00:00:00,08:37:22,2022-07-24 09:10:09,2022-07-24,09:10:09,0:32:47,1967
2022-07-24 12:09:18,2022-07-24 00:00:00,12:09:18,2022-07-24 14:37:31,2022-07-24,14:37:31,2:28:13,8893
2022-07-24 18:22:30,2022-07-24 00:00:00,18:22:30,2022-07-24 21:06:27,2022-07-24,21:06:27,2:43:57,9837
2022-07-25 23:25:27,2022-07-25 00:00:00,23:25:27,2022-07-26 02:39:39,2022-07-26,02:39:39,3:14:12,11652
2022-07-25 09:51:29,2022-07-25 00:00:00,09:51:29,2022-07-25 11:16:56,2022-07-25,11:16:56,1:25:27,5127
2022-07-25 12:28:53,2022-07-25 00:00:00,12:28:53,2022-07-25 17:36:34,2022-07-25,17:36:34,5:07:41,18461
2022-07-25 18:30:22,2022-07-25 00:00:00,18:30:22,2022-07-25 21:02:51,2022-07-25,21:02:51,2:32:29,9149
2022-07-25 00:31:49,2022-07-25 00:00:00,00:31:49,2022-07-25 06:19:40,2022-07-25,06:19:40,5:47:51,20871
2022-07-26 03:42:30,2022-07-26 00:00:00,03:42:30,2022-07-26 04:58:41,2022-07-26,04:58:41,1:16:11,4571
2022-07-26 07:08:56,2022-07-26 00:00:00,07:08:56,2022-07-26 12:04:54,2022-07-26,12:04:54,4:55:58,17758
2022-07-26 15:47:08,2022-07-26 00:00:00,15:47:08,2022-07-26 19:36:22,2022-07-26,19:36:22,3:49:14,13754
2022-07-26 21:41:12,2022-07-26 00:00:00,21:41:12,2022-07-26 22:54:24,2022-07-26,22:54:24,1:13:12,4392
2022-07-27 21:34:25,2022-07-27 00:00:00,21:34:25,2022-07-27 23:16:47,2022-07-27,23:16:47,1:42:22,6142
2022-07-27 11:21:04,2022-07-27 00:00:00,11:21:04,2022-07-27 13:05:04,2022-07-27,13:05:04,1:44:00,6240
2022-07-27 03:35:02,2022-07-27 00:00:00,03:35:02,2022-07-27 08:13:58,2022-07-27,08:13:58,4:38:56,16736
2022-07-27 16:27:56,2022-07-27 00:00:00,16:27:56,2022-07-27 19:52:13,2022-07-27,19:52:13,3:24:17,12257
2022-07-28 01:51:05,2022-07-28 00:00:00,01:51:05,2022-07-28 07:30:28,2022-07-28,07:30:28,5:39:23,20363
2022-07-28 13:23:45,2022-07-28 00:00:00,13:23:45,2022-07-28 16:34:22,2022-07-28,16:34:22,3:10:37,11437
2022-07-28 20:01:29,2022-07-28 00:00:00,20:01:29,2022-07-28 23:14:52,2022-07-28,23:14:52,3:13:23,11603
2022-07-29 21:20:12,2022-07-29 00:00:00,21:20:12,2022-07-30 01:57:28,2022-07-30,01:57:28,4:37:16,16636
2022-07-29 04:59:40,2022-07-29 00:00:00,04:59:40,2022-07-29 07:13:06,2022-07-29,07:13:06,2:13:26,8006
2022-07-29 07:57:08,2022-07-29 00:00:00,07:57:08,2022-07-29 12:09:42,2022-07-29,12:09:42,4:12:34,15154
2022-07-29 16:19:44,2022-07-29 00:00:00,16:19:44,2022-07-29 19:53:20,2022-07-29,19:53:20,3:33:36,12816
2022-07-30 11:07:46,2022-07-30 00:00:00,11:07:46,2022-07-30 13:48:20,2022-07-30,13:48:20,2:40:34,9634
2022-07-30 14:54:27,2022-07-30 00:00:00,14:54:27,2022-07-30 15:42:52,2022-07-30,15:42:52,0:48:25,2905
2022-07-30 18:29:06,2022-07-30 00:00:00,18:29:06,2022-07-30 21:30:59,2022-07-30,21:30:59,3:01:53,10913
2022-07-30 02:52:13,2022-07-30 00:00:00,02:52:13,2022-07-30 08:19:24,2022-07-30,08:19:24,5:27:11,19631
2022-07-31 03:05:54,2022-07-31 00:00:00,03:05:54,2022-07-31 06:27:33,2022-07-31,06:27:33,3:21:39,12099
2022-07-31 09:29:32,2022-07-31 00:00:00,09:29:32,2022-07-31 10:27:30,2022-07-31,10:27:30,0:57:58,3478
2022-07-31 15:54:11,2022-07-31 00:00:00,15:54:11,2022-07-31 19:05:56,2022-07-31,19:05:56,3:11:45,11505
2022-07-31 22:44:03,2022-07-31 00:00:00,22:44:03,2022-08-01 03:11:59,2022-08-01,03:11:59,4:27:56,16076
2022-08-01 11:24:16,2022-08-01 00:00:00,11:24:16,2022-08-01 16:09:11,2022-08-01,16:09:11,4:44:55,17095
2022-08-01 19:30:51,2022-08-01 00:00:00,19:30:51,2022-08-01 22:14:33,2022-08-01,22:14:33,2:43:42,9822
2022-08-01 23:53:45,2022-08-01 00:00:00,23:53:45,2022-08-02 01:36:14,2022-08-02,01:36:14,1:42:29,6149
2022-08-02 13:14:41,2022-08-02 00:00:00,13:14:41,2022-08-02 16:18:47,2022-08-02,16:18:47,3:04:06,11046
2022-08-02 07:02:05,2022-08-02 00:00:00,07:02:05,2022-08-02 08:47:53,2022-08-02,08:47:53,1:45:48,6348
2022-08-02 17:06:33,2022-08-02 00:00:00,17:06:33,2022-08-02 19:48:33,2022-08-02,19:48:33,2:42:00,9720
2022-08-02 02:42:02,2022-08-02 00:00:00,02:42:02,2022-08-02 06:03:36,2022-08-02,06:03:36,3:21:34,12094
2022-08-03 21:37:46,2022-08-03 00:00:00,21:37:46,2022-08-03 22:29:52,2022-08-03,22:29:52,0:52:06,3126
2022-08-03 07:51:30,2022-08-03 00:00:00,07:51:30,2022-08-03 09:16:53,2022-08-03,09:16:53,1:25:23,5123
2022-08-03 01:34:06,2022-08-03 00:00:00,01:34:06,2022-08-03 07:06:36,2022-08-03,07:06:36,5:32:30,19950
2022-08-03 12:47:36,2022-08-03 00:00:00,12:47:36,2022-08-03 17:30:52,2022-08-03,17:30:52,4:43:16,16996
2022-08-04 04:26:55,2022-08-04 00:00:00,04:26:55,2022-08-04 08:21:01,2022-08-04,08:21:01,3:54:06,14046
2022-08-04 13:06:23,2022-08-04 00:00:00,13:06:23,2022-08-04 14:56:03,2022-08-04,14:56:03,1:49:40,6580
2022-08-04 17:01:51,2022-08-04 00:00:00,17:01:51,2022-08-04 18:44:08,2022-08-04,18:44:08,1:42:17,6137
2022-08-04 22:14:12,2022-08-04 00:00:00,22:14:12,2022-08-05 02:41:47,2022-08-05,02:41:47,4:27:35,16055
2022-08-05 06:58:14,2022-08-05 00:00:00,06:58:14,2022-08-05 12:09:38,2022-08-05,12:09:38,5:11:24,18684
2022-08-05 16:31:07,2022-08-05 00:00:00,16:31:07,2022-08-05 22:07:18,2022-08-05,22:07:18,5:36:11,20171
2022-08-06 03:19:18,2022-08-06 00:00:00,03:19:18,2022-08-06 08:43:32,2022-08-06,08:43:32,5:24:14,19454
2022-08-06 12:31:11,2022-08-06 00:00:00,12:31:11,2022-08-06 13:28:42,2022-08-06,13:28:42,0:57:31,3451
2022-08-06 14:47:42,2022-08-06 00:00:00,14:47:42,2022-08-06 20:31:06,2022-08-06,20:31:06,5:43:24,20604
2022-08-07 02:15:55,2022-08-07 00:00:00,02:15:55,2022-08-07 06:30:22,2022-08-07,06:30:22,4:14:27,15267
2022-08-07 08:15:08,2022-08-07 00:00:00,08:15:08,2022-08-07 12:06:28,2022-08-07,12:06:28,3:51:20,13880
2022-08-07 15:20:01,2022-08-07 00:00:00,15:20:01,2022-08-07 17:57:06,2022-08-07,17:57:06,2:37:05,9425
2022-08-07 22:33:46,2022-08-07 00:00:00,22:33:46,2022-08-08 02:28:55,2022-08-08,02:28:55,3:55:09,14109
2022-08-08 07:19:31,2022-08-08 00:00:00,07:19:31,2022-08-08 08:39:09,2022-08-08,08:39:09,1:19:38,4778
2022-08-08 14:04:41,2022-08-08 00:00:00,14:04:41,2022-08-08 19:57:07,2022-08-08,19:57:07,5:52:26,21146
2022-08-08 22:32:31,2022-08-08 00:00:00,22:32:31,2022-08-09 02:53:21,2022-08-09,02:53:21,4:20:50,15650
2022-08-09 06:08:08,2022-08-09 00:00:00,06:08:08,2022-08-09 09:45:12,2022-08-09,09:45:12,3:37:04,13024
2022-08-09 15:35:33,2022-08-09 00:00:00,15:35:33,2022-08-09 17:20:14,2022-08-09,17:20:14,1:44:41,6281
2022-08-09 18:01:58,2022-08-09 00:00:00,18:01:58,2022-08-09 22:33:37,2022-08-09,22:33:37,4:31:39,16299
2022-08-10 02:02:34,2022-08-10 00:00:00,02:02:34,2022-08-10 05:03:28,2022-08-10,05:03:28,3:00:54,10854
2022-08-10 09:38:27,2022-08-10 00:00:00,09:38:27,2022-08-10 15:12:37,2022-08-10,15:12:37,5:34:10,20050
2022-08-10 16:22:06,2022-08-10 00:00:00,16:22:06,2022-08-10 19:15:00,2022-08-10,19:15:00,2:52:54,10374
2022-08-10 23:40:59,2022-08-10 00:00:00,23:40:59,2022-08-11 04:27:32,2022-08-11,04:27:32,4:46:33,17193
2022-08-11 07:38:16,2022-08-11 00:00:00,07:38:16,2022-08-11 09:01:41,2022-08-11,09:01:41,1:23:25,5005
2022-08-11 11:13:52,2022-08-11 00:00:00,11:13:52,2022-08-11 17:08:46,2022-08-11,17:08:46,5:54:54,21294
2022-08-11 18:59:24,2022-08-11 00:00:00,18:59:24,2022-08-11 21:15:14,2022-08-11,21:15:14,2:15:50,8150
2022-08-12 21:31:43,2022-08-12 00:00:00,21:31:43,2022-08-12 22:04:49,2022-08-12,22:04:49,0:33:06,1986
2022-08-12 09:35:20,2022-08-12 00:00:00,09:35:20,2022-08-12 11:32:33,2022-08-12,11:32:33,1:57:13,7033
2022-08-12 14:52:32,2022-08-12 00:00:00,14:52:32,2022-08-12 17:33:55,2022-08-12,17:33:55,2:41:23,9683
2022-08-12 01:08:41,2022-08-12 00:00:00,01:08:41,2022-08-12 05:14:34,2022-08-12,05:14:34,4:05:53,14753
2022-08-13 21:00:34,2022-08-13 00:00:00,21:00:34,2022-08-14 02:46:19,2022-08-14,02:46:19,5:45:45,20745
2022-08-13 04:01:55,2022-08-13 00:00:00,04:01:55,2022-08-13 05:37:34,2022-08-13,05:37:34,1:35:39,5739
2022-08-13 09:45:01,2022-08-13 00:00:00,09:45:01,2022-08-13 12:52:00,2022-08-13,12:52:00,3:06:59,11219
2022-08-13 14:38:03,2022-08-13 00:00:00,14:38:03,2022-08-13 18:17:02,2022-08-13,18:17:02,3:38:59,13139
2022-08-14 18:00:31,2022-08-14 00:00:00,18:00:31,2022-08-14 18:33:17,2022-08-14,18:33:17,0:32:46,1966
2022-08-14 11:38:26,2022-08-14 00:00:00,11:38:26,2022-08-14 12:17:21,2022-08-14,12:17:21,0:38:55,2335
2022-08-14 22:00:53,2022-08-14 00:00:00,22:00:53,2022-08-15 02:01:26,2022-08-15,02:01:26,4:00:33,14433
2022-08-14 07:59:38,2022-08-14 00:00:00,07:59:38,2022-08-14 10:19:11,2022-08-14,10:19:11,2:19:33,8373
2022-08-15 05:04:22,2022-08-15 00:00:00,05:04:22,2022-08-15 09:28:09,2022-08-15,09:28:09,4:23:47,15827
2022-08-15 14:27:55,2022-08-15 00:00:00,14:27:55,2022-08-15 17:06:37,2022-08-15,17:06:37,2:38:42,9522
2022-08-15 18:55:01,2022-08-15 00:00:00,18:55:01,2022-08-15 19:52:32,2022-08-15,19:52:32,0:57:31,3451
2022-08-15 21:23:06,2022-08-15 00:00:00,21:23:06,2022-08-15 22:50:53,2022-08-15,22:50:53,1:27:47,5267
2022-08-15 23:37:34,2022-08-15 00:00:00,23:37:34,2022-08-16 03:57:49,2022-08-16,03:57:49,4:20:15,15615
2022-08-16 15:57:12,2022-08-16 00:00:00,15:57:12,2022-08-16 20:27:04,2022-08-16,20:27:04,4:29:52,16192
2022-08-16 05:26:23,2022-08-16 00:00:00,05:26:23,2022-08-16 11:21:16,2022-08-16,11:21:16,5:54:53,21293
2022-08-16 21:50:01,2022-08-16 00:00:00,21:50:01,2022-08-16 23:07:34,2022-08-16,23:07:34,1:17:33,4653
2022-08-17 08:05:15,2022-08-17 00:00:00,08:05:15,2022-08-17 11:53:30,2022-08-17,11:53:30,3:48:15,13695
2022-08-17 05:46:54,2022-08-17 00:00:00,05:46:54,2022-08-17 07:35:14,2022-08-17,07:35:14,1:48:20,6500
2022-08-17 13:04:49,2022-08-17 00:00:00,13:04:49,2022-08-17 14:53:43,2022-08-17,14:53:43,1:48:54,6534
2022-08-17 18:45:11,2022-08-17 00:00:00,18:45:11,2022-08-17 20:09:30,2022-08-17,20:09:30,1:24:19,5059
2022-08-17 01:41:01,2022-08-17 00:00:00,01:41:01,2022-08-17 02:58:24,2022-08-17,02:58:24,1:17:23,4643
2022-08-18 01:46:22,2022-08-18 00:00:00,01:46:22,2022-08-18 04:08:40,2022-08-18,04:08:40,2:22:18,8538
2022-08-18 07:40:26,2022-08-18 00:00:00,07:40:26,2022-08-18 08:58:29,2022-08-18,08:58:29,1:18:03,4683
2022-08-18 11:51:40,2022-08-18 00:00:00,11:51:40,2022-08-18 16:50:31,2022-08-18,16:50:31,4:58:51,17931
2022-08-18 18:16:23,2022-08-18 00:00:00,18:16:23,2022-08-18 22:22:53,2022-08-18,22:22:53,4:06:30,14790
2022-08-18 23:40:52,2022-08-18 00:00:00,23:40:52,2022-08-19 03:15:17,2022-08-19,03:15:17,3:34:25,12865
2022-08-19 18:31:34,2022-08-19 00:00:00,18:31:34,2022-08-19 23:53:27,2022-08-19,23:53:27,5:21:53,19313
2022-08-19 09:49:25,2022-08-19 00:00:00,09:49:25,2022-08-19 12:41:49,2022-08-19,12:41:49,2:52:24,10344
2022-08-19 04:00:10,2022-08-19 00:00:00,04:00:10,2022-08-19 09:17:40,2022-08-19,09:17:40,5:17:30,19050
2022-08-20 02:54:18,2022-08-20 00:00:00,02:54:18,2022-08-20 07:57:55,2022-08-20,07:57:55,5:03:37,18217
2022-08-20 13:27:28,2022-08-20 00:00:00,13:27:28,2022-08-20 16:32:16,2022-08-20,16:32:16,3:04:48,11088
2022-08-20 20:15:16,2022-08-20 00:00:00,20:15:16,2022-08-21 00:08:29,2022-08-21,00:08:29,3:53:13,13993
2022-08-21 23:04:16,2022-08-21 00:00:00,23:04:16,2022-08-22 01:56:58,2022-08-22,01:56:58,2:52:42,10362
2022-08-21 04:40:06,2022-08-21 00:00:00,04:40:06,2022-08-21 06:42:32,2022-08-21,06:42:32,2:02:26,7346
2022-08-21 07:26:53,2022-08-21 00:00:00,07:26:53,2022-08-21 10:36:13,2022-08-21,10:36:13,3:09:20,11360
2022-08-21 11:53:04,2022-08-21 00:00:00,11:53:04,2022-08-21 13:50:47,2022-08-21,13:50:47,1:57:43,7063
2022-08-21 14:52:58,2022-08-21 00:00:00,14:52:58,2022-08-21 15:29:54,2022-08-21,15:29:54,0:36:56,2216
2022-08-21 17:19:14,2022-08-21 00:00:00,17:19:14,2022-08-21 18:28:58,2022-08-21,18:28:58,1:09:44,4184
2022-08-22 22:06:33,2022-08-22 00:00:00,22:06:33,2022-08-23 00:18:14,2022-08-23,00:18:14,2:11:41,7901
2022-08-22 12:05:50,2022-08-22 00:00:00,12:05:50,2022-08-22 14:34:02,2022-08-22,14:34:02,2:28:12,8892
2022-08-22 17:16:22,2022-08-22 00:00:00,17:16:22,2022-08-22 20:55:32,2022-08-22,20:55:32,3:39:10,13150
2022-08-22 07:46:51,2022-08-22 00:00:00,07:46:51,2022-08-22 08:20:50,2022-08-22,08:20:50,0:33:59,2039
2022-08-23 01:25:03,2022-08-23 00:00:00,01:25:03,2022-08-23 05:20:49,2022-08-23,05:20:49,3:55:46,14146
2022-08-23 10:31:06,2022-08-23 00:00:00,10:31:06,2022-08-23 11:02:15,2022-08-23,11:02:15,0:31:09,1869
2022-08-23 15:20:38,2022-08-23 00:00:00,15:20:38,2022-08-23 19:24:24,2022-08-23,19:24:24,4:03:46,14626
2022-08-24 18:45:05,2022-08-24 00:00:00,18:45:05,2022-08-25 00:11:36,2022-08-25,00:11:36,5:26:31,19591
2022-08-24 00:20:10,2022-08-24 00:00:00,00:20:10,2022-08-24 01:21:39,2022-08-24,01:21:39,1:01:29,3689
2022-08-24 07:12:02,2022-08-24 00:00:00,07:12:02,2022-08-24 08:04:56,2022-08-24,08:04:56,0:52:54,3174
2022-08-24 11:23:05,2022-08-24 00:00:00,11:23:05,2022-08-24 13:46:03,2022-08-24,13:46:03,2:22:58,8578
2022-08-25 22:34:06,2022-08-25 00:00:00,22:34:06,2022-08-26 02:30:32,2022-08-26,02:30:32,3:56:26,14186
2022-08-25 09:06:47,2022-08-25 00:00:00,09:06:47,2022-08-25 12:45:01,2022-08-25,12:45:01,3:38:14,13094
2022-08-25 03:18:47,2022-08-25 00:00:00,03:18:47,2022-08-25 07:42:19,2022-08-25,07:42:19,4:23:32,15812
2022-08-25 14:55:32,2022-08-25 00:00:00,14:55:32,2022-08-25 19:55:43,2022-08-25,19:55:43,5:00:11,18011
2022-08-26 06:03:24,2022-08-26 00:00:00,06:03:24,2022-08-26 11:05:28,2022-08-26,11:05:28,5:02:04,18124
2022-08-26 15:10:55,2022-08-26 00:00:00,15:10:55,2022-08-26 20:05:46,2022-08-26,20:05:46,4:54:51,17691
2022-08-26 22:39:27,2022-08-26 00:00:00,22:39:27,2022-08-27 01:03:08,2022-08-27,01:03:08,2:23:41,8621
2022-08-27 05:33:21,2022-08-27 00:00:00,05:33:21,2022-08-27 07:02:11,2022-08-27,07:02:11,1:28:50,5330
2022-08-27 11:41:12,2022-08-27 00:00:00,11:41:12,2022-08-27 14:23:19,2022-08-27,14:23:19,2:42:07,9727
2022-08-27 19:21:30,2022-08-27 00:00:00,19:21:30,2022-08-27 21:22:00,2022-08-27,21:22:00,2:00:30,7230
2022-08-28 02:48:59,2022-08-28 00:00:00,02:48:59,2022-08-28 08:44:06,2022-08-28,08:44:06,5:55:07,21307
2022-08-28 13:58:26,2022-08-28 00:00:00,13:58:26,2022-08-28 18:48:18,2022-08-28,18:48:18,4:49:52,17392
2022-08-28 20:55:21,2022-08-28 00:00:00,20:55:21,2022-08-29 02:48:36,2022-08-29,02:48:36,5:53:15,21195
2022-08-29 04:39:03,2022-08-29 00:00:00,04:39:03,2022-08-29 05:16:58,2022-08-29,05:16:58,0:37:55,2275
2022-08-29 09:21:57,2022-08-29 00:00:00,09:21:57,2022-08-29 12:19:14,2022-08-29,12:19:14,2:57:17,10637
2022-08-29 13:42:15,2022-08-29 00:00:00,13:42:15,2022-08-29 15:24:14,2022-08-29,15:24:14,1:41:59,6119
2022-08-29 21:24:05,2022-08-29 00:00:00,21:24:05,2022-08-30 02:39:45,2022-08-30,02:39:45,5:15:40,18940
2022-08-30 07:18:48,2022-08-30 00:00:00,07:18:48,2022-08-30 10:45:43,2022-08-30,10:45:43,3:26:55,12415
2022-08-30 13:21:02,2022-08-30 00:00:00,13:21:02,2022-08-30 17:14:28,2022-08-30,17:14:28,3:53:26,14006
2022-08-30 20:25:55,2022-08-30 00:00:00,20:25:55,2022-08-31 00:17:34,2022-08-31,00:17:34,3:51:39,13899
2022-08-31 14:02:41,2022-08-31 00:00:00,14:02:41,2022-08-31 17:39:10,2022-08-31,17:39:10,3:36:29,12989
2022-08-31 22:57:06,2022-08-31 00:00:00,22:57:06,2022-09-01 03:16:45,2022-09-01,03:16:45,4:19:39,15579
2022-08-31 01:32:30,2022-08-31 00:00:00,01:32:30,2022-08-31 07:06:28,2022-08-31,07:06:28,5:33:58,20038
2022-08-31 09:08:41,2022-08-31 00:00:00,09:08:41,2022-08-31 09:39:46,2022-08-31,09:39:46,0:31:05,1865
2022-09-01 12:01:11,2022-09-01 00:00:00,12:01:11,2022-09-01 17:49:06,2022-09-01,17:49:06,5:47:55,20875
2022-09-01 19:21:29,2022-09-01 00:00:00,19:21:29,2022-09-01 23:29:46,2022-09-01,23:29:46,4:08:17,14897
2022-09-02 15:26:34,2022-09-02 00:00:00,15:26:34,2022-09-02 21:22:19,2022-09-02,21:22:19,5:55:45,21345
2022-09-02 23:42:22,2022-09-02 00:00:00,23:42:22,2022-09-03 05:23:54,2022-09-03,05:23:54,5:41:32,20492
2022-09-02 01:45:53,2022-09-02 00:00:00,01:45:53,2022-09-02 03:11:40,2022-09-02,03:11:40,1:25:47,5147
2022-09-02 08:42:33,2022-09-02 00:00:00,08:42:33,2022-09-02 13:46:39,2022-09-02,13:46:39,5:04:06,18246
2022-09-03 07:14:18,2022-09-03 00:00:00,07:14:18,2022-09-03 11:36:31,2022-09-03,11:36:31,4:22:13,15733
2022-09-03 14:30:32,2022-09-03 00:00:00,14:30:32,2022-09-03 18:36:00,2022-09-03,18:36:00,4:05:28,14728
2022-09-03 23:13:27,2022-09-03 00:00:00,23:13:27,2022-09-04 03:24:35,2022-09-04,03:24:35,4:11:08,15068
2022-09-04 05:01:34,2022-09-04 00:00:00,05:01:34,2022-09-04 06:48:30,2022-09-04,06:48:30,1:46:56,6416
2022-09-04 11:54:10,2022-09-04 00:00:00,11:54:10,2022-09-04 13:01:30,2022-09-04,13:01:30,1:07:20,4040
2022-09-04 18:22:23,2022-09-04 00:00:00,18:22:23,2022-09-05 00:12:03,2022-09-05,00:12:03,5:49:40,20980
2022-09-05 21:20:26,2022-09-05 00:00:00,21:20:26,2022-09-05 23:18:42,2022-09-05,23:18:42,1:58:16,7096
2022-09-05 17:19:23,2022-09-05 00:00:00,17:19:23,2022-09-05 18:48:45,2022-09-05,18:48:45,1:29:22,5362
2022-09-05 03:36:34,2022-09-05 00:00:00,03:36:34,2022-09-05 04:35:53,2022-09-05,04:35:53,0:59:19,3559
2022-09-05 07:27:36,2022-09-05 00:00:00,07:27:36,2022-09-05 10:48:14,2022-09-05,10:48:14,3:20:38,12038
2022-09-05 12:13:16,2022-09-05 00:00:00,12:13:16,2022-09-05 14:46:45,2022-09-05,14:46:45,2:33:29,9209
2022-09-06 00:57:03,2022-09-06 00:00:00,00:57:03,2022-09-06 03:57:37,2022-09-06,03:57:37,3:00:34,10834
2022-09-06 05:22:53,2022-09-06 00:00:00,05:22:53,2022-09-06 10:26:03,2022-09-06,10:26:03,5:03:10,18190
2022-09-06 15:58:45,2022-09-06 00:00:00,15:58:45,2022-09-06 19:39:19,2022-09-06,19:39:19,3:40:34,13234
2022-09-06 22:12:33,2022-09-06 00:00:00,22:12:33,2022-09-07 00:34:57,2022-09-07,00:34:57,2:22:24,8544
2022-09-07 05:16:45,2022-09-07 00:00:00,05:16:45,2022-09-07 08:10:39,2022-09-07,08:10:39,2:53:54,10434
2022-09-07 13:51:11,2022-09-07 00:00:00,13:51:11,2022-09-07 17:23:50,2022-09-07,17:23:50,3:32:39,12759
2022-09-07 20:01:25,2022-09-07 00:00:00,20:01:25,2022-09-07 20:33:08,2022-09-07,20:33:08,0:31:43,1903
2022-09-08 19:43:32,2022-09-08 00:00:00,19:43:32,2022-09-08 21:38:29,2022-09-08,21:38:29,1:54:57,6897
2022-09-08 01:44:34,2022-09-08 00:00:00,01:44:34,2022-09-08 04:55:20,2022-09-08,04:55:20,3:10:46,11446
2022-09-08 07:39:54,2022-09-08 00:00:00,07:39:54,2022-09-08 09:43:56,2022-09-08,09:43:56,2:04:02,7442
2022-09-08 12:27:30,2022-09-08 00:00:00,12:27:30,2022-09-08 17:04:15,2022-09-08,17:04:15,4:36:45,16605
2022-09-09 23:45:07,2022-09-09 00:00:00,23:45:07,2022-09-10 01:56:04,2022-09-10,01:56:04,2:10:57,7857
2022-09-09 18:01:33,2022-09-09 00:00:00,18:01:33,2022-09-09 19:19:03,2022-09-09,19:19:03,1:17:30,4650
2022-09-09 02:29:55,2022-09-09 00:00:00,02:29:55,2022-09-09 06:34:52,2022-09-09,06:34:52,4:04:57,14697
2022-09-09 09:08:12,2022-09-09 00:00:00,09:08:12,2022-09-09 12:31:18,2022-09-09,12:31:18,3:23:06,12186
2022-09-10 20:39:52,2022-09-10 00:00:00,20:39:52,2022-09-10 22:43:56,2022-09-10,22:43:56,2:04:04,7444
2022-09-10 15:48:30,2022-09-10 00:00:00,15:48:30,2022-09-10 17:33:52,2022-09-10,17:33:52,1:45:22,6322
2022-09-10 06:40:09,2022-09-10 00:00:00,06:40:09,2022-09-10 09:45:26,2022-09-10,09:45:26,3:05:17,11117
2022-09-10 11:25:35,2022-09-10 00:00:00,11:25:35,2022-09-10 15:13:20,2022-09-10,15:13:20,3:47:45,13665
2022-09-11 00:09:52,2022-09-11 00:00:00,00:09:52,2022-09-11 02:13:37,2022-09-11,02:13:37,2:03:45,7425
2022-09-11 03:15:33,2022-09-11 00:00:00,03:15:33,2022-09-11 07:52:08,2022-09-11,07:52:08,4:36:35,16595
2022-09-11 08:36:54,2022-09-11 00:00:00,08:36:54,2022-09-11 09:31:49,2022-09-11,09:31:49,0:54:55,3295
2022-09-11 10:44:17,2022-09-11 00:00:00,10:44:17,2022-09-11 14:49:29,2022-09-11,14:49:29,4:05:12,14712
2022-09-11 18:40:05,2022-09-11 00:00:00,18:40:05,2022-09-11 22:57:24,2022-09-11,22:57:24,4:17:19,15439
2022-09-12 02:33:38,2022-09-12 00:00:00,02:33:38,2022-09-12 07:01:44,2022-09-12,07:01:44,4:28:06,16086
2022-09-12 11:19:09,2022-09-12 00:00:00,11:19:09,2022-09-12 11:53:39,2022-09-12,11:53:39,0:34:30,2070
2022-09-12 16:13:46,2022-09-12 00:00:00,16:13:46,2022-09-12 18:43:45,2022-09-12,18:43:45,2:29:59,8999
2022-09-12 21:26:18,2022-09-12 00:00:00,21:26:18,2022-09-12 23:57:31,2022-09-12,23:57:31,2:31:13,9073
2022-09-13 04:33:19,2022-09-13 00:00:00,04:33:19,2022-09-13 08:15:05,2022-09-13,08:15:05,3:41:46,13306
2022-09-13 08:55:54,2022-09-13 00:00:00,08:55:54,2022-09-13 12:01:02,2022-09-13,12:01:02,3:05:08,11108
2022-09-13 17:01:14,2022-09-13 00:00:00,17:01:14,2022-09-13 21:37:24,2022-09-13,21:37:24,4:36:10,16570
2022-09-14 11:41:29,2022-09-14 00:00:00,11:41:29,2022-09-14 13:57:14,2022-09-14,13:57:14,2:15:45,8145
2022-09-14 16:31:38,2022-09-14 00:00:00,16:31:38,2022-09-14 20:07:01,2022-09-14,20:07:01,3:35:23,12923
2022-09-14 03:32:40,2022-09-14 00:00:00,03:32:40,2022-09-14 07:07:32,2022-09-14,07:07:32,3:34:52,12892
2022-09-15 01:23:01,2022-09-15 00:00:00,01:23:01,2022-09-15 03:30:28,2022-09-15,03:30:28,2:07:27,7647
2022-09-15 04:25:34,2022-09-15 00:00:00,04:25:34,2022-09-15 06:27:37,2022-09-15,06:27:37,2:02:03,7323
2022-09-15 09:58:32,2022-09-15 00:00:00,09:58:32,2022-09-15 13:15:18,2022-09-15,13:15:18,3:16:46,11806
2022-09-15 19:09:59,2022-09-15 00:00:00,19:09:59,2022-09-15 21:37:25,2022-09-15,21:37:25,2:27:26,8846
2022-09-15 23:35:15,2022-09-15 00:00:00,23:35:15,2022-09-16 01:17:47,2022-09-16,01:17:47,1:42:32,6152
2022-09-16 07:03:22,2022-09-16 00:00:00,07:03:22,2022-09-16 09:28:43,2022-09-16,09:28:43,2:25:21,8721
2022-09-16 14:16:28,2022-09-16 00:00:00,14:16:28,2022-09-16 18:58:53,2022-09-16,18:58:53,4:42:25,16945
2022-09-17 00:07:40,2022-09-17 00:00:00,00:07:40,2022-09-17 05:47:44,2022-09-17,05:47:44,5:40:04,20404
2022-09-17 07:18:21,2022-09-17 00:00:00,07:18:21,2022-09-17 10:32:12,2022-09-17,10:32:12,3:13:51,11631
2022-09-17 16:14:56,2022-09-17 00:00:00,16:14:56,2022-09-17 22:08:36,2022-09-17,22:08:36,5:53:40,21220
2022-09-18 07:00:44,2022-09-18 00:00:00,07:00:44,2022-09-18 11:40:55,2022-09-18,11:40:55,4:40:11,16811
2022-09-18 16:14:33,2022-09-18 00:00:00,16:14:33,2022-09-18 19:34:00,2022-09-18,19:34:00,3:19:27,11967
2022-09-18 00:28:34,2022-09-18 00:00:00,00:28:34,2022-09-18 02:50:26,2022-09-18,02:50:26,2:21:52,8512
2022-09-19 07:39:41,2022-09-19 00:00:00,07:39:41,2022-09-19 13:37:46,2022-09-19,13:37:46,5:58:05,21485
2022-09-19 16:22:59,2022-09-19 00:00:00,16:22:59,2022-09-19 17:12:53,2022-09-19,17:12:53,0:49:54,2994
2022-09-19 00:11:42,2022-09-19 00:00:00,00:11:42,2022-09-19 04:49:06,2022-09-19,04:49:06,4:37:24,16644
2022-09-19 22:31:41,2022-09-19 00:00:00,22:31:41,2022-09-20 02:26:07,2022-09-20,02:26:07,3:54:26,14066
